model,feature,best_layer,within_lang,within_std,cross_lang,cross_std,majority,transfer_gap
xlsr53,manner,16,0.7472866579530834,0.0684537058715807,0.512679370049787,0.03730381384322625,0.09061584571087251,0.23460728790329632
xlsr53,nasal,16,0.794503159335302,0.03958656399917768,0.7599719988973793,0.016204578685287394,0.4692472897511566,0.0345311604379227
xlsr53,place,16,0.8205013551758631,0.0747051809675903,0.6604255020089264,0.03695091634055596,0.2631671216796347,0.16007585316693673
xlsr53,voicing,16,0.87753332586624,0.04654068874732612,0.7210527740418384,0.05205464926872482,0.3819393277143637,0.15648055182440157
