model,feature,best_layer,within_lang,within_std,cross_lang,cross_std,majority,transfer_gap
xlsr300m,manner,16,0.7468082534806763,0.0735508542012092,0.5329394822443841,0.044614060665512975,0.09061584571087251,0.2138687712362921
xlsr300m,nasal,16,0.7999018325244142,0.02994744105967698,0.7276239963164569,0.05043454946990944,0.4692472897511566,0.07227783620795725
xlsr300m,place,18,0.8139039818635512,0.0694645035929025,0.6580737732121064,0.05359694846345905,0.2631671216796347,0.1558302086514448
xlsr300m,voicing,18,0.8796912895975261,0.03736111767500242,0.7529947074297899,0.03919400004769603,0.3819393277143637,0.12669658216773616
