model,feature,best_layer,within_lang,within_std,cross_lang,cross_std,majority,transfer_gap
base,manner,8,0.6678295678182634,0.08685776390113437,0.4523703393784851,0.03877226959233488,0.09061584571087251,0.21545922843977833
base,nasal,10,0.7547738125074231,0.05242735260876195,0.7196776315231789,0.0514334007267219,0.4692472897511566,0.035096180984244274
base,place,6,0.7647924439545966,0.06518728438869223,0.6283426986570018,0.04897794088384802,0.2631671216796347,0.1364497452975948
base,voicing,10,0.8483278869333944,0.053019224552836614,0.6666364893368194,0.03681034006560743,0.3819393277143637,0.18169139759657504
